{"acc": 0.9921875, "f1": 0.9913480945477086}