{"acc": 0.6205357142857143, "f1": 0.5787048581502744}