{"acc": 0.6785714285714286, "f1": 0.669086865515437}