{"acc": 0.6726190476190476, "f1": 0.6260833577538006}